"name","description","elevated_privilege","sys_updated_on","sys_updated_by","sys_scope","sys_created_on"
"x_ster2_data_cas_0.data_culture_triage_team_user","","false","28/09/2022 09:49:10","has-khan-grants","Data Cases Register","23/09/2022 16:23:51"
"x_ster2_data_cas_0.remediation_team_user","","false","28/09/2022 09:48:58","has-khan-grants","Data Cases Register","26/09/2022 12:02:21"
"x_ster2_data_cas_0.wealth_team_user","","false","28/09/2022 09:48:53","has-khan-grants","Data Cases Register","27/09/2022 10:50:17"
"x_ster2_data_cas_0.communications_team_user","Communications Team User","false","28/09/2022 09:48:48","has-khan-grants","Data Cases Register","28/09/2022 09:48:48"
"x_ster2_data_cas_0.admin","Default admin role","false","20/08/2022 04:31:31","warwick-cooney-grants","Data Cases Register","20/08/2022 04:31:31"
"x_ster2_data_cas_0.user","Default user role","false","20/08/2022 04:31:31","warwick-cooney-grants","Data Cases Register","20/08/2022 04:31:31"
"project_manager","","false","26/07/2022 16:59:46","admin","Global","26/07/2022 16:59:46"
"project_user","","false","26/07/2022 16:59:46","admin","Global","26/07/2022 16:59:46"
"service_api_admin","","false","30/06/2022 22:37:20","system","Global","30/06/2022 22:37:20"
"text_search_admin","","false","30/06/2022 22:37:11","system","Global","30/06/2022 22:37:11"
"template_editor","","false","30/06/2022 22:36:54","system","Global","30/06/2022 22:36:54"
"nobody","The ""nobody"" role means that nobody has access - not even admin or maint. Warning: Applying the nobody role may be irreversible if applied to some important system functions.","false","30/06/2022 22:09:20","system","Global","21/05/2007 21:34:38"
"admin","The System Administrator role. This role has access to all system features, functions, and data, regardless of security constraints. ''Grant this privilege carefully.'' If you have sensitive information, such as HR records, that you need to protect, you must create a custom '''admin '''role for that area and train a person authorized to see those records to act as the administrator","false","30/06/2022 22:09:20","system","Global","19/02/2005 01:18:23"
"role_delegator","Can delegate roles to group members","false","30/06/2022 22:09:20","system","Global","24/02/2010 17:52:45"
"maint","Reserved for ServiceNow use","false","30/06/2022 22:09:20","system","Global","21/05/2007 21:34:40"
"public","No login is required to access features or functions with the public role","false","30/06/2022 22:09:20","system","Global","21/05/2007 21:34:36"
"sn_customerservice.sn_consumer_menu_viewer","Granular role to give access to B2C Agent in OMS plugin for Application menu as well as individual menu items specific to B2C transactions
","false","08/12/2021 22:24:49","admin","Customer Service","08/12/2021 22:24:49"
"sn_customerservice.sn_customer_menu_viewer","Granular role to give access to B2B Agent in OMS plugin for Application menu as well as individual menu items specific to B2B transactions","false","08/12/2021 22:24:05","admin","Customer Service","08/12/2021 22:24:05"
"sn_app_eng_notify.app_engine_admin","","false","06/10/2021 21:24:39","admin","App Engine Notifications","06/10/2021 21:24:39"
"sn_customerservice.case_authorized_contributor","Provide access to add additional comments and attachments, accept or reject a solution, receive notifications on case updates, close a case, and update case tasks.","false","04/10/2021 10:55:45","admin","Customer Service","27/09/2021 15:49:09"
"sn_request_comments_write","Write access to the additional comments on the requested item","false","28/09/2021 17:38:21","admin","Global","28/09/2021 17:38:21"
"customer_account_admin","Admin role that can access all of customer account related sensitive information","false","27/09/2021 22:21:41","admin","Global","27/09/2021 22:21:41"
"sn_customerservice.case_authorized_consumer","Provide access to add additional comments and attachments, accept or reject a solution, receive notifications on case updates, close a case, and update case tasks.","false","27/09/2021 15:46:31","admin","Customer Service","27/09/2021 15:46:31"
"sn_customerservice.case_authorized_contact","Provide access to add additional comments and attachments, accept or reject a solution, receive notifications on case updates, close a case, and update case tasks.","false","27/09/2021 15:44:08","admin","Customer Service","27/09/2021 15:44:08"
"sn_install_base.sold_product_authorized_consumer","Provide access to view sold product and associated install base items, create cases, and access cases related to the sold product.","false","27/09/2021 15:41:06","admin","Customer Service Install Base Management","27/09/2021 15:41:06"
"sn_install_base.sold_product_authorized_contact","Provide access to view sold product and associated install base items, create cases, and access cases related to the sold product.","false","27/09/2021 14:56:09","admin","Customer Service Install Base Management","27/09/2021 14:56:09"
"sn_customerservice.case_related_party_write_granular","Provides granular write access to case related parties.","false","27/09/2021 13:33:20","admin","Customer Service","27/09/2021 13:33:20"
"sn_customerservice.case_write_granular","Provides granular write access to case.","false","27/09/2021 13:32:15","admin","Customer Service","27/09/2021 13:32:15"
"sn_customerservice.case_create_granular","Provides granular create access to case.","false","27/09/2021 13:31:22","admin","Customer Service","27/09/2021 13:31:22"
"sn_customerservice.case_read_granular","Provides granular read access to case.","false","27/09/2021 13:30:46","admin","Customer Service","27/09/2021 13:30:46"
"sn_install_base.installed_product_read_granular","Provides granular read access to installed product.","false","27/09/2021 13:26:23","admin","Customer Service Install Base Management","27/09/2021 13:26:23"
"sn_install_base.install_base_read_granular","Provides granular read access to install base.","false","27/09/2021 13:26:03","admin","Customer Service Install Base Management","27/09/2021 13:26:03"
"sn_install_base.sold_product_consumer_write_granular","Provides granular write access to additional consumers for sold product.","false","27/09/2021 13:22:16","admin","Customer Service Install Base Management","27/09/2021 13:22:16"
"sn_install_base.sold_product_consumer_read_granular","Provides granular read access to additional consumers for sold product.","false","27/09/2021 13:21:19","admin","Customer Service Install Base Management","27/09/2021 13:21:19"
"sn_install_base.sold_product_contact_write_granular","Provides granular write access to additional contacts for sold product.","false","27/09/2021 13:20:43","admin","Customer Service Install Base Management","27/09/2021 13:20:23"
"sn_install_base.sold_product_contact_read_granular","Provides granular read access to additional contacts for sold product.","false","27/09/2021 13:16:51","admin","Customer Service Install Base Management","27/09/2021 13:16:51"
"sn_install_base.sold_product_read_granular","Provides granular read access to sold product.","false","27/09/2021 13:14:36","admin","Customer Service Install Base Management","27/09/2021 13:14:36"
"sn_docker_spoke.docker_webhook_registry_user","","false","15/09/2021 18:38:31","admin","Docker Spoke","15/09/2021 18:38:31"
"ml_labeler","Can create, read, write or delete the ml_label_candidate table","false","09/09/2021 12:54:31","admin","Global","09/09/2021 12:54:31"
"sn_gf.epmo_strategy_planner","User with this role should have super user access to all the strategies and goals","false","21/08/2021 19:25:24","admin","Goal Framework","07/07/2021 11:51:57"
"sn_gf.strategy_planner_read","Read all strategies","false","13/08/2021 02:30:56","maint","Goal Framework","13/08/2021 02:30:56"
"sn_gf.strategy_planner","CRD on all strategies (3 Tables: Strategy, Strategic Plan , Strategy Value)","false","13/08/2021 02:29:07","maint","Goal Framework","13/08/2021 02:29:07"
"doc_page_number_config_reader","This role allows read access to Page Number Configuration","false","05/08/2021 06:55:24","admin","Global","05/08/2021 06:55:24"
"doc_page_number_config_writer","This role allows write access to page number configuration","false","05/08/2021 06:54:31","admin","Global","05/08/2021 06:54:31"
"now_experience_analytics_admin","","false","03/08/2021 09:35:28","admin","Global","03/08/2021 09:35:28"
"now_experience_analytics_viewer","","false","03/08/2021 09:34:58","admin","Global","03/08/2021 09:34:58"
"doc_toc_config_reader","This role allows a user to read the TOC Configuration","false","29/07/2021 07:38:38","admin","Global","29/07/2021 07:07:38"
"doc_toc_config_writer","This role allows a user to write the TOC Configuration","false","29/07/2021 07:38:12","admin","Global","29/07/2021 07:07:53"
"sn_change_comments_write","Write access to the Change's Additional comments field","false","26/07/2021 17:33:43","admin","Global","26/07/2021 16:39:15"
"sn_incident_comments_write","Write access to the Incident's Additional comments field","false","26/07/2021 16:38:51","admin","Global","26/07/2021 16:38:51"
"sn_problem_comments_write","Write access to the Problem's Additional comments field","false","26/07/2021 16:38:22","admin","Global","26/07/2021 16:36:10"
"sn_gf.goal_admin","User with this role can update the goal preferences.","false","07/07/2021 11:53:01","admin","Goal Framework","07/07/2021 11:47:28"
"sn_gf.goal_user","User with this role can create, read, edit, archive and delete goals.","false","07/07/2021 11:51:10","admin","Goal Framework","07/07/2021 11:51:10"
"sn_gf.goal_user_read","User with this role has read only access to Goal tables","false","07/07/2021 11:50:27","admin","Goal Framework","07/07/2021 11:50:27"
"sn_docker_spoke.docker_webhook_answer_subflow_user","","false","06/07/2021 18:00:02","admin","Docker Spoke","24/06/2021 08:55:56"
"sn_docker_spoke.docker_images_remote_table_user","","false","06/07/2021 16:23:29","admin","Docker Spoke","05/07/2021 07:28:47"
"sn_ci_gs_content.ci_guided_setup_admin","","false","21/06/2021 10:14:03","admin","CI Guided Setup","01/10/2020 11:03:54"
"ih_import","","false","14/06/2021 06:36:42","admin","Global","27/07/2020 02:51:50"
"business_process_admin","","false","21/04/2021 16:38:51","admin","Global","21/04/2021 16:38:51"
"business_process_manager","","false","21/04/2021 16:38:12","admin","Global","21/04/2021 16:38:12"
"business_process_user","","false","21/04/2021 16:37:56","admin","Global","21/04/2021 16:37:56"
"sn_tm2_read","Read only role for Test Management 2.0.","false","16/04/2021 12:42:15","admin","Global","25/02/2021 11:23:59"
"sn_cmdb_admin","Highest level role for CMDB privileges. Provides full access to the CMDB data, tools and UIs. Admin can set policies such as class manager, app service requirement, etc that editor cannot.","false","15/04/2021 08:31:38","admin","Global","15/04/2021 08:31:38"
"sn_cmdb_editor","CRUD access to CMDB records but not allowed to change policies such as data manager, class manager etc..","false","15/04/2021 08:29:56","admin","Global","15/04/2021 08:29:56"
"sn_cmdb_user","Read-only access to the CMDB data and basic UIs (e.g. reports, dashboards, etc).","false","15/04/2021 08:22:21","admin","Global","15/04/2021 08:22:21"
"sn_help_setup_admin","This role helps in managing Help Setup","false","30/03/2021 13:23:56","admin","Global","30/03/2021 13:23:56"
"sn_mab_api.admin","Allows write and delete operations on sn_mab_api tables","false","12/03/2021 09:34:05","admin","Mobile App Builder API","19/02/2021 15:59:47"
"data_manager_user","","false","12/03/2021 00:00:53","admin","Global","12/03/2021 00:00:53"
"data_manager_admin","","false","11/03/2021 23:59:08","admin","Global","11/03/2021 23:59:08"
"ais_high_security_admin","Privileged role for high security tasks for AI Search","true","02/03/2021 17:45:16","admin","Global","02/03/2021 17:45:16"
"service_author","This role allows users to create services and offerings in any portfolio. This role can only update and delete the services and offerings they created.","false","01/03/2021 23:18:05","admin","Global","23/02/2021 18:02:05"
"service_admin","This role allows users to create, read, update and delete services and offerings in any portfolio. ","false","01/03/2021 23:17:28","admin","Global","23/02/2021 18:02:17"
"nlu_editor","","false","25/02/2021 05:31:05","admin","Global","25/02/2021 05:31:05"
"sn_tm1_read","Read only roles for Test Management 1.0 tables","false","25/02/2021 04:54:24","admin","Global","25/02/2021 04:54:24"
"sn_safe_read","Read only roles for Agile - Scaled Agile Framework tables","false","22/02/2021 13:39:00","admin","Global","22/02/2021 13:39:00"
"sn_release_read","Read only roles for Release Management tables","false","22/02/2021 04:40:35","admin","Global","22/02/2021 04:40:35"
"sn_agile_read","Read only roles for Agile Development 2.0","false","21/02/2021 17:10:42","admin","Global","21/02/2021 17:10:42"
"appcollab.apiuser","Role to access App Collaboration plugin REST Endpoints.","false","20/02/2021 09:18:00","admin","Global","10/12/2020 02:56:38"
"sdk_analytics_admin","SDK Analytics Admin","false","20/01/2021 09:14:16","admin","Global","20/01/2021 09:14:16"
"sdk_analytics_viewer","SDK Analytics Viewer","false","20/01/2021 09:13:53","admin","Global","20/01/2021 09:03:29"
"pdf_user","","false","23/11/2020 02:02:25","admin","Global","23/11/2020 02:02:25"
"currency_instance_report_admin","Role for report view ACL on FxCurrency","false","09/10/2020 04:46:45","admin","Global","09/10/2020 04:46:45"
"catalog_template_editor","Enables creation and editing of catalog item templates","false","05/10/2020 07:08:47","admin","Global","09/09/2020 18:06:38"
"search_application_admin","Search application admin who can insert/update/delete search-ux related configuration tables: 
sys_search_context_config, sys_search_source, m2m_search_context_config_search_source, sys_search_facet, sys_search_filter

Search application admin is also granted with ais_admin role to allow AI search configuration.","false","24/09/2020 05:51:33","admin","Global","07/09/2020 06:19:04"
"function_field_admin","Can create, edit and view function fields from report designer. Cannot create or delete a function field from platform list or form. This role must not be assigned to a user with dictionary access as some of the functionality could be disabled.","false","18/09/2020 13:34:02","admin","Global","09/09/2020 07:40:39"
"catalog_channel_analyzer","This role provides the read access for the records of ""Catalog Channel Analytics"" Table.","false","18/09/2020 06:43:20","admin","Global","18/09/2020 06:43:20"
"data_classification_admin","Allows CRUD access to all data classification related records. Contains data_classification_auditor role.","false","17/09/2020 17:41:03","admin","Global","17/09/2020 17:41:03"
"data_classification_auditor","This role is required to read any data classification related records. It does not grant any access beyond read.","false","17/09/2020 17:30:05","admin","Global","17/09/2020 17:30:05"
"analytics_task_admin","Users with this role can administor Analytics Tasks.","false","17/09/2020 16:22:23","admin","Global","17/09/2020 16:22:23"
"chat_analytics_viewer","Chat Analytics Viewer","false","17/09/2020 12:37:19","admin","Global","17/09/2020 12:37:19"
"chat_analytics_admin","Chat Analytics Admin","false","17/09/2020 12:34:26","admin","Global","17/09/2020 12:34:26"
"sttrm_admin","ITSM State Transition Models Administrator","false","09/09/2020 17:30:27","admin","Global","02/09/2020 13:32:46"
"sn_g_app_creator.global","Allows guided app creator users to create globally scoped applications","false","08/09/2020 16:37:12","admin","Guided Application Creator","08/09/2020 16:37:12"
"sn_nb_action.next_best_action_admin","Grants the user administrator access to Next Best Action.","false","07/09/2020 05:56:53","admin","Guided Decision - Next Best Action","04/09/2020 07:46:59"
"sn_nb_action.next_best_action_author","Grants the user access configure Next Best Action rules to generate recommendations.","false","07/09/2020 05:56:08","admin","Guided Decision - Next Best Action","02/09/2020 08:17:51"
"sn_nb_action.next_best_action_user","Grants the user access to use Next Best Action.","false","07/09/2020 05:55:23","admin","Guided Decision - Next Best Action","04/09/2020 07:46:18"
"sn_customerservice.relationship_contributor","This role enables users to create cases for customers with which they have established relationships.","false","03/09/2020 17:53:26","admin","CS Base Extension","03/09/2020 17:53:26"
"sn_customerservice.self_contributor","This role enables users to create cases for themselves.","false","03/09/2020 17:44:00","admin","Contributor User","03/09/2020 17:44:00"
"evam_admin","EVAM admin","false","01/09/2020 00:14:20","admin","Global","01/09/2020 00:14:20"
"aisa_admin","Can configure AI Search Assist","false","25/08/2020 19:39:29","admin","Global","25/08/2020 19:39:29"
"ui_dashboard_builder","A new role for accessing the dashboard builder.","false","18/08/2020 15:18:55","admin","Global","18/08/2020 15:18:55"
"sn_customerservice.case_contributor_creator","This role enables users to create cases and is included in the top-level contributor roles.","false","11/08/2020 20:47:50","admin","Contributor User","31/07/2020 23:31:46"
"catalog_builder_editor_blank_template","Can create catalog item from scratch(without using template)  in catalog builder","false","11/08/2020 00:58:53","admin","Global","11/08/2020 00:58:53"
"sn_customerservice.case_contributor_viewer","This role grants read access to all of the tables associated with a case.","false","07/08/2020 11:18:45","admin","Customer Service","07/08/2020 11:18:45"
"sn_customerservice.csm_workspace_user","This role enables users to access Workspace and to perform basic operations in Workspace.","false","07/08/2020 10:41:54","admin","Customer Service","07/08/2020 10:41:54"
"sn_ui_builder.dashboard_builder_admin","May use the Dashboard Builder APIs to create, update, read, and delete Dashboards","false","04/08/2020 16:56:56","admin","sn-ui-builder","04/08/2020 16:56:56"
"sn_customerservice.case_contributor_editor","This role grants restrictive write access to the fields on the Case form.","false","30/07/2020 01:57:30","admin","Customer Service","30/07/2020 01:57:30"
"sn_customerservice.consumer_contributor","This role enables users to create cases for any consumer.","false","27/07/2020 20:41:18","admin","Contributor User","27/07/2020 20:41:18"
"sn_customerservice.case_task_agent","This role enables users to work on case tasks.","false","24/07/2020 01:05:23","admin","Customer Service","24/07/2020 01:05:23"
"sn_customerservice.case_task_viewer","This role grants read access to all case task records.","false","24/07/2020 00:18:51","admin","Customer Service","24/07/2020 00:18:51"
"sn_customerservice.account_contributor","This role enables users to create cases for any account.","false","14/07/2020 21:03:27","admin","Contributor User","14/07/2020 21:03:27"
"catalog_builder_editor","Can create/edit items in catalog builder","false","08/07/2020 07:29:08","admin","Global","08/07/2020 07:24:46"
"action_category_creator","Allows creation of action and subflow categories.","false","06/07/2020 21:25:58","admin","Global","06/07/2020 21:25:58"
"update_set_preview_report_view","Provides Report-view access to the Update Set Preview tables","false","29/06/2020 23:56:13","admin","Global","29/06/2020 23:56:13"
"update_set_preview_report_on","Provides Report-on access to the Update Set Preview tables","false","29/06/2020 23:55:45","admin","Global","29/06/2020 23:55:45"
"customer_update_report_view","Provides Report-view access to the Customer Updates table","false","29/06/2020 22:32:22","admin","Global","29/06/2020 22:22:23"
"update_version_report_view","Provides Report-view access to the Update Versions of customizations and upgrades.","false","29/06/2020 22:31:58","admin","Global","29/06/2020 22:31:58"
"update_version_report_on","Provides Report-on access to the Update Versions of customizations and upgrades.","false","29/06/2020 22:31:34","admin","Global","29/06/2020 22:31:34"
"upgrade_history_log_report_view","Provides Report-view access to the Upgrade History Logs","false","29/06/2020 22:30:14","admin","Global","29/06/2020 22:23:51"
"upgrade_history_log_report_on","Provides Report-on access to the Upgrade History Logs","false","29/06/2020 22:30:04","admin","Global","29/06/2020 22:23:41"
"customer_update_report_on","Provides Report-on access to the Customer Updates table","false","29/06/2020 22:25:17","admin","Global","29/06/2020 22:22:58"
"mobile_metadata_report_admin","Can manage the reports of mobile metadata tables","false","29/06/2020 18:05:15","admin","Global","29/06/2020 17:01:03"
"agent_security_admin","Manages security of the MID Server.","false","12/06/2020 01:20:09","robert.chance","Global","12/06/2020 01:20:09"
"sn_request_approver_read","Read access to the Request Management Application and related functions (allows access only if user has an approving record for the request record)","false","10/06/2020 22:00:41","admin","Global","15/03/2019 10:43:18"
"sn_request_read","Read access to the Request Management Application and related functions (It does not check for approving records).","false","10/06/2020 21:54:19","admin","Global","04/05/2020 15:22:36"
"flow_report_viewer","","false","09/06/2020 18:02:20","admin","Global","09/06/2020 18:02:20"
"workflow_report_viewer","Access to workflow scratchpad for reports","false","09/06/2020 17:42:35","admin","Global","09/06/2020 17:42:35"
"app_template_runner","Can run application templates to bootstrap scoped applications","false","06/05/2020 20:52:51","admin","Global","06/05/2020 20:52:51"
"app_template_author","Can create and modify application templates","false","06/05/2020 20:52:29","admin","Global","06/05/2020 20:51:56"
"pd_shared.user","","false","23/04/2020 19:42:46","admin","Global","23/04/2020 19:42:46"
"sn_investment_funding_read","Read only roles for Investment Funding","false","23/04/2020 04:28:38","admin","Global","23/04/2020 04:28:38"
"sn_dd_itsmmobile_mobilestudio","Delegated Development: Grants access in [ITSM Mobile] to permission set [Mobile Studio]","false","21/04/2020 18:35:07","admin","Global","21/04/2020 18:35:07"
"rota_admin","Create, edit and delete Shifts. Manage all aspects of a Shift: rosters, roster members, coverage and time-off.","false","21/04/2020 11:59:57","admin","Global","12/11/2010 13:32:39"
"rota_manager","Manage a group's Shifts. Manage associated data if delegated for a particular group","false","21/04/2020 11:59:26","admin","Global","12/11/2010 13:33:25"
"web_analytics_viewer","Web Analytics Viewer","false","16/04/2020 10:42:12","admin","Global","16/04/2020 10:41:47"
"web_analytics_admin","Web Analytics Admin","false","16/04/2020 10:42:02","admin","Global","16/04/2020 10:41:37"
"sn_fsm_servicedesk_agent","Allow a user to create a work order, apply a template and progress the work order.","false","10/04/2020 20:02:26","admin","Global","08/04/2020 18:10:53"
"cmn_schedule_user","Role to allow access to cmn_user_schedule table","false","08/04/2020 21:16:31","admin","Global","08/04/2020 21:14:50"
"pd_trigger_author","","false","03/04/2020 21:22:37","admin","Global","03/04/2020 21:22:37"
"pd_operator","","false","03/04/2020 21:22:27","admin","Global","03/04/2020 21:22:27"
"sn_ssa_core.self_service_manager","Can perform CRUD operations on Pattern and Activity configuration and the Deflection data tables.","false","25/03/2020 14:53:28","admin","Self-Service Analytics Core","25/03/2020 14:53:28"
"analytics_viewer","User Experience Analytics Viewer","false","17/03/2020 10:08:28","admin","Global","17/03/2020 10:07:50"
"analytics_admin","User Experience Analytics Admin","false","17/03/2020 10:06:39","admin","Global","22/01/2020 10:57:16"
"sn_prod_cat_rel.admin","Create, read, update, and delete access to the Product Catalog Item [sn_prod_cat_rel_m2m_product_catalog_item] table.","false","14/03/2020 09:28:51","admin","Product Model and Catalog Items Relationship","13/03/2020 08:09:02"
"sn_prod_cat_rel.viewer","Read access to the Product Catalog Item [sn_prod_cat_rel_m2m_product_catalog_item] table.","false","14/03/2020 09:28:14","admin","Product Model and Catalog Items Relationship","13/03/2020 08:08:09"
"sn_help_admin","Role to create and manage help and guidance  ","false","12/03/2020 15:17:16","admin","Global","12/03/2020 15:17:16"
"pd_admin","Admin role for Process Automation Designer.","false","09/03/2020 18:07:14","admin","Global","09/03/2020 18:07:14"
"pd_content_author","Allows users to create and edit activity definitions to be used in Process Automation Designer.","false","09/03/2020 18:06:12","admin","Global","27/02/2020 21:23:22"
"pd_author","Enables user to launch and create processes in Process Automation Designer.","false","09/03/2020 18:04:12","admin","Global","10/12/2019 04:57:12"
"service_owner","Person(s) accountable for managing all elements that makup a portfolio throughout their entire lifecycle. These portfolios elements include Products, Services and Processes.","false","06/03/2020 14:22:23","admin","Global","28/01/2020 22:01:49"
"business_relationship_manager","Person(s) responsible for both business strategy and business value in an effort to advance business objectives.","false","06/03/2020 14:21:58","admin","Global","28/01/2020 22:00:43"
"technology_service_owner","Person(s) accountable for managing one or more technical services throughout their entire lifecycle.","false","06/03/2020 14:21:38","admin","Global","28/01/2020 21:59:42"
"application_owner","Person(s) responsible to ensure that digital products accomplish the specified objectives or user requirements for that product","false","06/03/2020 14:20:02","admin","Global","28/01/2020 21:58:43"
"enterprise_architect","Person(s) responsible for performing the analysis of business structure and processes","false","06/03/2020 14:19:47","admin","Global","28/01/2020 21:57:34"
"ais_admin","AI search administrator","false","06/03/2020 01:18:57","admin","Global","06/03/2020 01:18:57"
"nlq_admin","NLQ Admin user.","false","05/03/2020 20:18:20","admin","Global","08/07/2019 19:06:44"
"pa_kpi_signal_admin","Can respond to KPI signals and update baselines.","false","02/03/2020 14:58:50","admin","Global","02/03/2020 14:58:50"
"sn_customerservice.relationship_agent","","false","29/02/2020 00:01:23","admin","CS Base Extension","28/02/2020 23:59:38"
"sn_sla_definition_read","Users with this role are allowed to read SLA Definitions","false","25/02/2020 15:17:24","admin","Global","25/02/2020 14:50:09"
"sn_employee.admin","","false","21/02/2020 22:00:19","admin","Employee Profile","21/02/2020 22:00:19"
"taxonomy_admin","Users with this role will be able to update and modify any created taxonomy in the "" taxonomy and topic table names"".","false","12/02/2020 21:38:21","admin","Global","12/02/2020 21:38:21"
"sn_slm_timer.sla_timer_admin","sla_timer_admin [sn_slm_timer.sla_timer_admin] has full SLM administrative rights over all Service Level Management timer configuration","false","09/02/2020 19:59:27","admin","Service Level Management - SLA Timer Config API","09/02/2020 19:59:27"
"scriptlet_admin","Users with this role have read and write access to the scriptlet function table","false","07/02/2020 16:40:02","admin","Global","07/02/2020 16:40:02"
"pd_shared.admin","Role required for CRUD operations on shared tables.","false","07/02/2020 07:31:52","admin","Global","07/02/2020 07:31:52"
"graphql_schema_admin","","false","06/02/2020 19:56:41","admin","Global","06/02/2020 19:56:41"
"sn_doc.admin","Provides read, write, and delete permissions to the document templates.","false","22/01/2020 06:15:53","admin","Document Templates","19/12/2019 06:29:21"
"sn_doc.writer","Provides read and write permissions to the document templates.","false","19/12/2019 06:29:47","admin","Document Templates","19/12/2019 06:29:47"
"sn_doc.reader","Provides read-only permission to the document templates.","false","19/12/2019 06:29:35","admin","Document Templates","19/12/2019 06:29:35"
"playbook_experience.admin","Role required to configure tables used to render the Playbook Experience.","false","17/12/2019 17:58:31","admin","Global","17/12/2019 17:58:31"
"report_alias_admin","Required for maintaining field and value aliases","false","04/12/2019 14:26:22","admin","Global","04/12/2019 14:26:22"
"planning_console_user","Role for access PlanningConsoleProcessor","false","18/10/2019 09:33:36","admin","Global","18/10/2019 09:33:36"
"cmdb_import_api_admin","CMDB Push API role for sending data into an import set staging table through the REST endpoint","false","17/10/2019 19:40:36","admin","Global","17/10/2019 19:40:36"
"template_read_global","","false","12/10/2019 00:28:31","admin","Global","12/10/2019 00:28:31"
"sn_customerservice.case_viewer","Grants read access to cases","false","10/10/2019 22:15:23","admin","Customer Service","10/10/2019 22:15:23"
"sn_customerservice.customer_data_viewer","Grants read access to core Customer Service entities.","false","10/10/2019 22:04:38","admin","Customer Service","30/07/2019 23:05:33"
"sn_esm_partner_admin","Service Management Partner Admin role","false","07/10/2019 23:46:11","admin","Global","29/06/2015 23:22:29"
"sn_esm_partner","Service Management Partner Role","false","07/10/2019 23:45:30","admin","Global","27/06/2015 19:31:54"
"sn_customerservice.proxy_contact","Allows users who are internal to an organization to create cases and be the proxy case contact on behalf of customer","false","04/10/2019 22:52:06","admin","Customer Service","06/02/2019 21:52:06"
"sn_customerservice.contact_manager","Role will allow user to manage contacts ","false","04/10/2019 09:21:44","admin","Customer Service","18/09/2019 09:21:44"
"transform_definition_admin","","false","26/09/2019 18:29:03","admin","Global","26/09/2019 18:29:03"
"transform_type_admin","","false","26/09/2019 18:25:09","admin","Global","26/09/2019 18:25:09"
"mobile_analytics_admin","Mobile Analytics Admin","false","12/09/2019 03:15:07","admin","Global","12/09/2019 03:15:07"
"scan_user","Users with this role can initiate and view the results of scans.","false","29/08/2019 03:46:28","admin","Global","02/08/2019 22:53:25"
"mobile_analytics_viewer","Mobile Analytics Viewer","false","27/08/2019 10:55:55","admin","Global","27/08/2019 10:55:55"
"cmdb_inst_admin","This role allows user to do all actions relevant to CMDB Integration Studio","false","23/08/2019 21:53:58","admin","Global","23/08/2019 21:53:58"
"canvas_user","User role for Canvas Core Application","false","20/08/2019 21:30:04","admin","sn-canvas-core","20/08/2019 21:30:04"
"canvas_admin","Admin role for Canvas Core Application","false","20/08/2019 21:29:28","admin","sn-canvas-core","20/08/2019 21:29:28"
"sn_cicd.sys_ci_automation","Required role for using CI/CD functionality","false","08/08/2019 22:12:00","admin","Global","08/08/2019 22:12:00"
"clone_profile_admin","Can read, write, and configure Clone Profiles","false","02/08/2019 02:21:31","admin","Global","02/08/2019 02:21:31"
"currency_instance_admin","","false","01/08/2019 19:41:33","admin","Global","01/08/2019 19:41:33"
"chat_survey_admin","Chat Survey administrator","false","10/07/2019 21:37:06","admin","Global","10/07/2019 21:37:06"
"antivirus_viewer","Antivirus viewer has read access to all antivirus tables.","false","05/07/2019 10:29:56","admin","Global","05/07/2019 10:29:56"
"sn_app_eng_studio.user","Allows non-admin users to access the App Engine Studio application.","false","28/06/2019 20:00:29","admin","App Engine Studio","28/06/2019 20:00:29"
"log_points","This role governs logpoints table access and logpoints related modules","false","27/06/2019 12:47:24","admin","Global","27/06/2019 12:45:35"
"ui_builder_admin","May use the UI Builder APIs to create, update, read, and delete UX Pages","false","25/06/2019 21:31:05","admin","Global","25/06/2019 21:31:05"
"email_composer","Enables user to send email from the Email Client. ","false","19/06/2019 17:21:11","admin","Global","19/06/2019 17:20:40"
"tracked_file_reader","Read role for tracked configuration files","false","02/05/2019 10:25:42","admin","Global","01/05/2019 16:11:08"
"sn_itfm_read","Read only roles for Financial Management","false","24/04/2019 06:24:34","admin","Global","22/04/2019 07:41:53"
"sn_ppm_finance_read","Read only roles for Project Portfolio Suite with financials","false","22/04/2019 16:04:17","admin","Global","26/03/2019 13:39:21"
"quickactions_user","Role required for viewing and executing Quick Actions.","false","19/04/2019 04:15:01","admin","Global","19/04/2019 04:15:01"
"agent_workspace_user","Users of the Agent Workspace application, may navigate to the URL for that application","false","07/04/2019 21:09:54","admin","Global","07/04/2019 21:09:54"
"uxframework_designer","Has write access to UX Page and UX Page Element records, for desigining UIs","false","04/04/2019 20:12:59","admin","Global","04/04/2019 20:12:59"
"sn_ppm_read","Read only roles for Project Portfolio Suite","false","26/03/2019 12:02:06","admin","Global","26/03/2019 12:02:06"
"business_stakeholder","Use the Business Stakeholder role to provide authorized users to approve, view/read records across the organization and view reports. Note there is a fee associated with this role. Do not assign it to users without confirming your organization has the appropriate entitlement. Please review the documentation for additional details.","false","25/03/2019 19:19:07","admin","Global","19/03/2019 13:55:03"
"sn_request_write","Write access to the Request Management Application and related functions","false","20/03/2019 12:43:58","admin","Global","15/03/2019 10:43:30"
"nlu_user","Users who have read access for NLU Modeler tables","false","19/03/2019 09:55:54","admin","Global","19/03/2019 09:55:54"
"uxframework_user","May browse and select from the library of UX Component records, so they can set a Component reference field on any other table they have update access to","false","18/03/2019 15:16:29","admin","Global","18/03/2019 15:16:29"
"sn_g_app_creator.app_creator","Allows non-admin users to access the Guided Application Creator to create new applications.","false","18/03/2019 14:56:22","admin","Guided Application Creator","18/03/2019 14:56:22"
"cannot_read_suggestions","Users with this role are not authorized to use suggestion service.","false","13/03/2019 21:30:49","admin","Global","13/03/2019 21:30:49"
"suggestion_exempt","Users with this role can read suggestions, but they do not generate suggestions as a result of their searches.","false","11/03/2019 21:57:53","admin","Global","11/03/2019 21:57:53"
"sn_problem_read","Read access to the Problem Application and related functions","false","11/03/2019 18:47:55","admin","Global","06/03/2019 10:22:42"
"sn_incident_write","Write access to the Incident Management Application and related functions","false","11/03/2019 07:03:19","admin","Global","11/03/2019 07:03:19"
"sn_problem_write","Write access to the Problem Application and related functions","false","11/03/2019 07:03:09","admin","Global","11/03/2019 07:02:43"
"sn_incident_read","Read access to the Incident Management Application and related functions","false","11/03/2019 06:27:46","admin","Global","07/03/2019 05:31:00"
"sn_openframe_api_user","This role should be given to user who wants to use openframe tables through REST API.","false","08/03/2019 19:22:50","admin","openframe","08/03/2019 19:22:50"
"notification_provider_admin","","false","06/03/2019 16:45:25","admin","Global","06/03/2019 16:45:25"
"nlu_admin","Users who can use the NLU Modeler for NLU.","false","06/03/2019 12:25:33","admin","Global","06/03/2019 12:25:33"
"flow_designer_scripting","A user of Flow/Action Designer that may write input scripts.","false","27/02/2019 20:49:48","admin","Global","27/02/2019 20:49:48"
"sn_agent_recommend.recommendation_admin","users with this role can manage Agent Assist Recommendation configs","false","15/02/2019 00:35:10","admin","Agent Assist Recommendation","15/02/2019 00:35:10"
"pa_spotlight_copy_breakdown","Performance Analytics Spotlight - Allow users to copy entire Spotlight Group with different breakdown and elements.","false","13/02/2019 11:47:48","admin","Global","13/02/2019 11:47:48"
"sn_intel_analyzer.similarity_analyzer_admin","administration role for Similarity Analyzer","false","12/02/2019 22:21:21","admin","Similarity Analyzer","12/02/2019 22:21:21"
"knowledge","Can write, edit, and review knowledge management articles","false","12/02/2019 14:52:18","admin","Global","23/10/2005 21:23:58"
"knowledge_admin","Can manage the knowledge Knowledge Base","false","12/02/2019 14:52:18","admin","Global","11/09/2009 20:46:31"
"knowledge_manager","Can administer knowledge bases and request new knowledge bases for the knowledge_admin to approve","false","12/02/2019 14:52:18","admin","Global","09/05/2014 13:11:30"
"sn_docker_spoke.docker_repositories_list_user","","false","12/02/2019 06:04:53","admin","Docker Spoke","12/02/2019 06:04:53"
"log_debugger","debugger role that enables users to view session debug logs","false","09/02/2019 06:51:19","admin","Global","09/02/2019 06:51:19"
"pa_spotlight_copy_domain","Performance Analytics Spotlight - Allow users to copy entire Spotlight Group between domains.","false","08/02/2019 09:57:42","admin","Global","08/02/2019 09:57:42"
"sn_change_write","Access to the Change Application and related functions","false","07/02/2019 16:13:28","admin","Global","07/02/2019 16:13:28"
"sn_change_read","Access to the Change Application and related functions","false","07/02/2019 16:13:13","admin","Global","07/02/2019 16:13:13"
"sn_docker_spoke.Docker Admin","","false","06/02/2019 12:28:25","admin","Docker Spoke","06/02/2019 12:28:25"
"sn_docker_spoke.docker_repositories_user","","false","06/02/2019 11:15:05","admin","Docker Spoke","06/02/2019 11:15:05"
"survey_creator","Can manage Survey definitions, Questions, and Instances created by them","false","03/02/2019 02:47:03","admin","Global","03/02/2019 02:47:03"
"email_client_quick_message_author","Email client quick message author role enables non admin users to have read, write, update, delete permissions on Email client quick messages","false","01/02/2019 10:11:06","admin","Global","01/02/2019 10:11:06"
"skill_manager","Used to build Skill Taxonomy and associate skills to Skill Category.","false","27/01/2019 21:57:42","admin","Global","27/01/2019 21:55:24"
"guided_tour_analytics","Guided Tour Analytics Role","false","21/01/2019 13:46:33","admin","Global","21/01/2019 13:46:33"
"openapi_admin","Provides rights to CRUD OpenAPI data.","false","17/01/2019 22:08:04","admin","Global","17/01/2019 22:08:04"
"survey_reader","Users with survey reader role can view surveys and related information, such as survey responses, survey groups, scorecards, and reports. Survey_reader cannot change or modify a survey or survey responses.","false","16/01/2019 21:41:10","admin","Global","11/06/2009 23:58:54"
"survey_admin","Users with Survey admin role can see all Surveys, their definitions, question, instances created by them and others. Survey administrators can use all modules in the Survey application menu.","false","16/01/2019 21:40:47","admin","Global","11/06/2009 23:49:28"
"unified_plugin_read_only","This role is required to have a read only access to the unified plugin experience page to view plugins.","false","09/01/2019 15:03:03","admin","Global","09/01/2019 15:03:03"
"query_no_domain_table_api","Provides access to cross-domain data using Table API when query parameter sysparm_query_no_domain=true is supplied.","false","28/11/2018 22:58:56","admin","Global","28/11/2018 22:58:56"
"problem_task_analyst","Works on a Problem Task and manages it through its lifecycle","false","02/11/2018 07:16:17","admin","Global","21/08/2018 10:59:13"
"problem_admin","A Problem Manager who can also delete Problems and Problem Tasks","false","02/11/2018 07:15:41","admin","Global","21/08/2018 11:01:17"
"problem_coordinator","Works on a Problem or Problem Task and manages it through its lifecycle","false","02/11/2018 07:15:23","admin","Global","21/08/2018 10:59:54"
"problem_manager","Responsible for the overall Problem Management process and can configure Problem Management settings as well as act as a Problem Coordinator","false","02/11/2018 07:15:00","admin","Global","21/08/2018 11:00:52"
"personalize_decision_table_input","Gives full access to decision table inputs","false","31/10/2018 22:44:51","admin","Global","31/10/2018 22:44:51"
"csm_ws_integration","Role for REST APIs related to CSM web services","false","29/10/2018 18:17:15","admin","Global","22/11/2017 07:13:20"
"sn_hr_sp.esc_admin","Employee Service Centre Admin","false","29/10/2018 14:37:56","admin","Employee Center Core","30/08/2018 09:25:58"
"sn_hr_sp.admin","","false","29/10/2018 14:37:56","admin","Employee Center Core","06/07/2016 20:09:03"
"sn_app_cs_social_social_profile_user","","false","26/10/2018 22:41:34","admin","app-cs-social","26/07/2016 05:38:35"
"sn_app_cs_social_social_log_user","","false","26/10/2018 22:41:30","admin","app-cs-social","26/07/2016 07:35:33"
"sn_app_cs_social_social_channel_user","","false","26/10/2018 22:41:28","admin","app-cs-social","26/07/2016 05:32:42"
"sn_lookup_verify_user","Role that provides a user the access to read from configuration tables of 'lookup and verify'","false","26/10/2018 20:05:52","admin","Lookup Verify","12/09/2018 22:03:44"
"sn_majorissue_mgt.major_issue_manager","Major Issue Manager ","false","26/10/2018 20:05:25","admin","Major Issue Management","15/01/2018 20:09:59"
"sn_templated_snip.template_snippet_writer","Grant access to CRUD templated snippets content","false","26/10/2018 18:55:48","admin","Templated Snippets","31/08/2017 22:34:49"
"sn_templated_snip.template_snippet_admin","Grants access to scoped administration for the Templated Snippets application","false","26/10/2018 18:55:48","admin","Templated Snippets","05/09/2017 23:22:02"
"sn_templated_snip.template_snippet_reader","Grant access to read template snippets content","false","26/10/2018 18:55:48","admin","Templated Snippets","31/08/2017 22:33:52"
"knowledge_group_manager","can manage knowledge type groups","false","25/10/2018 16:11:38","admin","Global","23/09/2018 07:26:48"
"knowledge_group_member","Role for the memebers of knowledge type groups","false","25/10/2018 16:08:46","admin","Global","28/09/2018 07:52:35"
"knowledge_domain_expert","Can perform AQI surveys on articles
Can write, edit, and review knowledge management articles
","false","25/10/2018 16:08:37","admin","Global","27/05/2017 10:50:40"
"knowledge_coach","Can perform AQI surveys on articles
Can write, edit, and review knowledge management articles
","false","25/10/2018 16:08:33","admin","Global","27/05/2017 10:48:50"
"sn_ext_usr_reg.sn_external_user","","false","25/10/2018 10:42:31","admin","External User Registration","16/07/2017 09:02:27"
"actsub_user","Activity Subscriptions User role","false","25/10/2018 08:36:50","admin","Global","14/01/2017 12:24:03"
"actsub_admin","Activity Subscriptions Administrator role","false","25/10/2018 08:36:46","admin","Global","09/01/2017 05:10:31"
"email_access_restriction_admin","Controls access to the email_access_restriction table","false","24/10/2018 18:48:11","admin","Global","24/10/2018 18:48:11"
"sn_customerservice.consumer","Consumer role for consumer case creation with the implicit external role.","false","24/10/2018 00:25:40","admin","Customer Service","04/05/2016 00:18:59"
"sn_customerservice.consumer_agent","Consumer Service Consumer Agent role, it is the one who performs the work on the case.","false","24/10/2018 00:25:35","admin","Customer Service","04/05/2016 00:21:39"
"sn_customerservice.customer","Customer role for customer case creation with the implicit external role.","false","24/10/2018 00:25:31","admin","Customer Service","18/06/2015 18:23:07"
"sn_customerservice.customer_admin","Admin  for the customer account who has access to all the data under the account.","false","24/10/2018 00:25:25","admin","Customer Service","18/06/2015 18:24:06"
"sn_customerservice.customer_case_manager","Case manager role is able to manage all cases from his account (observing usual account hierarchy and account relationship restrictions) with all the privileges of the sn_customerservice.customer role, plus: create a case on behalf of another contact in the account, view a list of cases belonging to the account, and edit cases belonging to the account
","false","24/10/2018 00:25:21","admin","Customer Service","19/12/2017 18:43:09"
"sn_customerservice.deescalation_requester","Allows users to escalate and deescalate cases they have access to.","false","24/10/2018 00:25:13","admin","Customer Service","08/08/2017 18:42:10"
"sn_customerservice.escalation_requester","Allows users to escalate cases which they have access to.","false","24/10/2018 00:25:08","admin","Customer Service","08/08/2017 18:38:53"
"sn_customerservice.partner","Partner who is serving the customer accounts","false","24/10/2018 00:25:03","admin","Customer Service","18/06/2015 18:25:04"
"sn_customerservice.partner_admin","Partner admin for the partner account serving the customer accounts","false","24/10/2018 00:24:59","admin","Customer Service","18/06/2015 18:25:41"
"sn_customerservice.proxy_case_creator","","false","24/10/2018 00:24:56","admin","Customer Service","10/08/2017 22:07:40"
"sn_customerservice_agent","Customer Service Agent role, it is the one who performs the work on the case.","false","24/10/2018 00:24:54","admin","Customer Service","14/02/2015 15:06:19"
"sn_customerservice_manager","Customer Service Manager role is customer service agent with additional role of managing agents and override agents actions.","false","24/10/2018 00:24:52","admin","Customer Service","05/03/2015 19:15:44"
"awa_integration_user","Role for user to be able to access the AWA integration APIs","false","22/10/2018 21:50:37","admin","Global","22/10/2018 21:50:37"
"sn_openframe_user","Open Frame user role.","false","19/10/2018 20:08:57","admin","openframe","09/06/2015 20:07:17"
"security_dashboard_user","This role is restricted for Instance Security Center functionality operations only.","false","15/10/2018 18:31:32","admin","Global","26/02/2018 22:17:43"
"email_account_admin","Allow user to perform CRUD operations on Email Account and Email Account Group tables.","false","03/08/2018 19:15:56","admin","Global","03/08/2018 19:08:02"
"service_viewer","This role provides access to read all services and offerings.","false","26/07/2018 19:19:15","sameep.kodia","Global","25/07/2018 23:38:22"
"portfolio_viewer","This role provides access to view portfolios, taxonomy layers, taxonomy nodes, and services.","false","26/07/2018 19:18:52","sameep.kodia","Global","25/07/2018 23:26:48"
"portfolio_editor","This role provides access to update portfolios, taxonomy layers, taxonomy nodes, services, and reparent services.","false","26/07/2018 19:18:30","sameep.kodia","Global","25/07/2018 23:25:55"
"service_editor","This role provides access to read all layers and update services they own. They do not have access to reparent a service.","false","26/07/2018 19:17:59","sameep.kodia","Global","25/07/2018 23:30:34"
"ui_notification_admin","","false","24/07/2018 00:28:17","admin","Global","24/07/2018 00:28:17"
"awa_manager","Admin role for the Advanced Work Assignment feature.","false","18/07/2018 19:28:13","admin","Global","18/07/2018 06:45:01"
"awa_admin","Admin role for the Advanced Work Assignment feature.","false","18/07/2018 19:28:03","admin","Global","18/07/2018 06:44:34"
"awa_agent","Agent role for the Advanced Work Assignment feature.","false","18/07/2018 19:27:57","admin","Global","18/07/2018 06:45:08"
"cmdb_query_builder_read","Can access the CMDB Query Builder application to run saved queries on the CMDB","false","16/07/2018 21:40:05","admin","Global","02/07/2018 18:50:17"
"decision_table_reader","Read role for decision tables","false","10/07/2018 02:21:08","admin","Global","10/07/2018 02:21:08"
"decision_table_admin","Administrator role for decision tables","false","10/07/2018 02:20:03","admin","Global","10/07/2018 02:15:18"
"email_client_admin","Grants requisite permissions to configure the email client. ","false","21/06/2018 21:57:54","admin","Global","21/06/2018 21:57:54"
"long_runner_poll_user","","false","17/06/2018 19:37:17","tim.broberg@snc","Global","17/06/2018 19:37:17"
"cmdb_read","Role required to read data from CMDB hierarchy","false","31/05/2018 21:51:29","admin","Global","31/05/2018 21:51:29"
"rate_limit_admin","","false","22/05/2018 19:52:48","admin","Global","22/05/2018 19:52:48"
"sn_comm_management.comm_plan_viewer","Has read access to Task Communications Management tables.","false","06/04/2018 09:00:10","admin","Task Communications Management","31/01/2018 09:20:12"
"sn_comm_management.comm_plan_manager","Has create and edit access to Task Communications Management instance tables, e.g., Communication Plans, Communication Tasks, etc. Users with this role can send ad-hoc communications.","false","06/04/2018 08:59:29","admin","Task Communications Management","20/02/2018 12:08:31"
"sn_comm_management.comm_plan_admin","Has the overall accountability of Task Communications Management. This role has create and edit access to Task Communications Management tables including Communication Plan Definitions and other related records.","false","06/04/2018 08:59:04","admin","Task Communications Management","28/01/2018 13:11:41"
"interaction_admin","A required role to administer the Interaction Management System","false","14/03/2018 18:47:21","admin","Global","14/03/2018 18:47:21"
"workspace_list_admin","Can manage workspace lists and categories","true","12/03/2018 22:12:31","maint","Global","06/02/2018 23:58:44"
"app_service_admin","This role can create and modify application service maps (cmdb_ci_service_discovered)","false","05/03/2018 18:30:59","admin","Global","21/11/2017 18:30:59"
"app_service_user","This role can view and retrieve information using API from application service maps (cmdb_ci_service_discovered)","false","05/03/2018 18:30:17","admin","Global","21/11/2017 18:30:17"
"dashboard_admin","Dashboards Administrator. Can manage all Dashboards and Dashboard's Groups.","false","01/03/2018 14:53:14","admin","Global","01/03/2018 14:53:14"
"report_user","Can create and view reports that have been shared with them. Cannot share, edit, or delete reports that have been shared with them.","false","26/02/2018 14:09:29","admin","Global","26/02/2018 14:09:29"
"email_client_template_read","Has read access on EMail Client Templates.","false","20/02/2018 11:56:11","admin","Global","20/02/2018 11:55:24"
"workspace_admin","","false","06/02/2018 18:01:08","maint","Global","06/02/2018 18:01:08"
"workspace_user","","false","06/02/2018 18:00:59","maint","Global","06/02/2018 18:00:59"
"interaction_agent","A required role to perform interaction agent and interaction queue transfer","false","30/01/2018 01:27:17","admin","Global","30/01/2018 01:27:17"
"catalog_view_masked","","false","05/01/2018 07:36:35","admin","Global","05/01/2018 07:36:35"
"external_app_install_admin","Can install external apps like Slack, Teams","false","05/01/2018 01:43:08","admin","Global","05/01/2018 01:43:08"
"antivirus_admin","Antivirus admin can control Antivirus Scanning related settings and reports. ","false","05/12/2017 07:33:54","admin","Global","04/12/2017 05:23:11"
"sn_chg_soc.change_soc_admin","This role has full administrative rights to Change Schedule pages","false","30/11/2017 12:11:59","admin","Change Management - Change Schedule","30/11/2017 12:01:51"
"fsm_skill_user","","false","01/11/2017 23:11:04","admin","Global","01/11/2017 23:11:04"
"fsm_skill_admin","","false","01/11/2017 23:07:26","admin","Global","01/11/2017 23:07:26"
"sn_appclient.app_client_company_installer","App client user who can install compant apps","false","09/10/2017 19:44:32","admin","Scoped App Client","09/10/2017 19:44:32"
"pdb_user","Allows access to the REST endpoints for Performance Dashboards data. ","false","05/10/2017 22:53:00","admin","Global","05/10/2017 22:53:00"
"scrum_story_editor","Scrum story editor role","false","19/09/2017 04:49:38","admin","Global","19/09/2017 04:49:38"
"sn_apptmnt_booking.appointment_booking_manager","Role that allows for creating and updating appointment booking records","false","17/09/2017 02:47:00","admin","Appointment Booking","17/09/2017 02:47:00"
"pa_analyst","Performance Analytics 'Text Analytics' User.","false","29/08/2017 16:14:07","admin","Global","12/08/2017 21:15:46"
"pa_target_admin","Performance Analytics Target Administrator.","false","29/08/2017 16:13:34","admin","Global","07/08/2014 02:42:12"
"pa_threshold_admin","Performance Analytics Threshold Administrator.","false","29/08/2017 16:13:30","admin","Global","07/08/2014 02:42:22"
"pa_spotlight_viewer","Performance Analytics Spotlight - Allow users to view Spotlight Dashboards","false","25/08/2017 10:00:52","admin","Global","22/08/2017 15:04:25"
"sn_dependentclient.dependentclient_user","Dependent Client User","false","16/08/2017 00:34:52","admin","App Dependency Client","16/08/2017 00:34:52"
"ml_report_user","Can read the  ml_predictor_results table and the ml_predictor_results_task table.
","false","14/08/2017 23:19:33","admin","Global","08/08/2017 00:54:33"
"ml_admin","Can create, read, write or delete the  ml_predictor_results table and the ml_predictor_results_task table.","false","08/08/2017 01:04:06","admin","Global","08/08/2017 00:53:30"
"incident_manager","Can administer Incident properties and Major Incident trigger rules.","false","07/08/2017 17:25:28","admin","Global","16/05/2017 08:16:35"
"sn_pa_diagnostics.pa_diagnostic","Performance Analytics Diagnostic Role","false","04/08/2017 10:11:08","admin","Performance Analytics - Diagnostics","04/08/2017 10:11:08"
"state_model_admin","This role allows users to add, modify and delete state models to task tables.","false","17/07/2017 18:11:48","admin","Global","17/07/2017 18:11:48"
"virtual_agent_admin","Users who can use the Conversation Designer for Virtual Agent.","false","13/07/2017 14:33:38","admin","Global","13/07/2017 03:23:30"
"sn_bm_client.benchmark_recommendation_viewer","Used for viewing the benchmark recommendation definition and evaluation tables","false","08/07/2017 00:10:14","admin","Benchmark Client","07/07/2017 19:25:23"
"rest_service","Deprecated. This role is no longer required to access the REST API. 
Refer to ""snc_platform_rest_api_access"" role for securing platform REST APIs.","false","05/07/2017 22:36:02","admin","Global","31/01/2014 23:17:50"
"snc_platform_rest_api_access","Allows access to Platform Rest APIs
- Table API 
- Import Set API 
- Aggregate API 
- Attachment API ","false","05/07/2017 22:31:47","admin","Global","05/07/2017 18:22:14"
"announcement_admin","Announcement Administrator","false","12/06/2017 21:20:52","admin","Global","12/06/2017 21:20:52"
"connection_admin","This role allows access to Connections [sys_connection] and Credentials [discovery_credentials] table","false","01/06/2017 21:44:00","admin","Global","16/05/2017 19:59:13"
"sn_apptmnt_booking.appointment_booking_admin","Role that allows for creating and updating appointment booking configuration tables","false","31/05/2017 07:54:15","admin","Appointment Booking","31/05/2017 07:54:15"
"sn_apptmnt_booking.appointment_booking_user","Can view and select appointments","false","15/05/2017 20:38:17","admin","Appointment Booking","15/05/2017 20:38:17"
"flow_operator","Flow Designer role which allows access to flow designer operations information. ","false","04/05/2017 23:59:44","admin","Global","04/05/2017 23:59:44"
"embedded_help_admin","Admin user for administering Embedded Help records","false","20/04/2017 01:34:12","sameep.kodia","Global","20/10/2016 00:01:35"
"guided_tour_admin","Admin user for administering Guided Tour records","false","20/04/2017 01:33:58","sameep.kodia","Global","20/04/2017 01:33:58"
"dynamic_scheduling_user","User role for accessing Dynamic Scheduling Application tables (task_ordering_rules,  unassignment_rule)","false","31/03/2017 00:08:33","admin","Global","31/03/2017 00:08:33"
"dynamic_scheduling_admin","Role to perform administration configuration for Dynamic Scheduling Application","false","30/03/2017 23:17:53","admin","Global","30/03/2017 23:17:53"
"platform_ml_write","","false","08/03/2017 22:59:19","admin","Global","08/03/2017 22:59:19"
"platform_ml_create","","false","08/03/2017 22:59:00","admin","Global","08/03/2017 22:59:00"
"platform_ml_read","","false","08/03/2017 22:58:28","admin","Global","08/03/2017 22:58:28"
"questionnaire_user","Users of Questionnaire","false","17/02/2017 17:08:55","admin","Global","17/02/2017 17:08:55"
"itom_admin","Role that is included in all ITOM application admin roles","false","02/02/2017 23:48:10","admin","Global","02/02/2017 23:17:55"
"questionnaire_admin","Can do CRUD operations on Questionnaires","false","24/01/2017 16:58:01","admin","Global","24/01/2017 16:58:01"
"agent_schedule_manager","Can see Team's Calendar","false","04/01/2017 22:19:10","admin","Global","04/01/2017 22:18:46"
"atf_ws_designer","A role to allow easy creation of REST based ATF Test Steps","false","04/01/2017 00:17:36","admin","Global","04/01/2017 00:17:16"
"timecard_manager","Write access to approve and reject time cards for agents of the dispatching group. Inherits timecard_admin by default.
This role is used for Customer Service and Field Service Time Recording.","false","22/12/2016 19:27:20","admin","Global","14/10/2016 23:52:31"
"sn_bm_client.benchmark_data_viewer","Used for viewing the benchmark data and visualizations","false","10/12/2016 01:18:35","admin","Benchmark Client","10/12/2016 01:18:35"
"sn_bm_client.benchmark_admin","Benchmark administrator role would be used to Opting in, setting up the benchmark indicators","false","10/12/2016 01:15:02","admin","Benchmark Client","10/12/2016 01:15:02"
"timecard_approver","Approves or rejects time cards for users","false","30/10/2016 14:24:21","admin","Global","30/10/2016 14:23:51"
"wm_manager","Field Service Manager to make agents. They can be searched (filtered by) the group they manage.","false","18/10/2016 03:09:46","admin","Global","15/10/2016 02:40:44"
"sla_manager","sla_manager can define SLA Definitions and view SLA Repair logs, but can't change property values, define SLA Conditions Types, etc.","false","13/10/2016 10:47:04","admin","Global","13/10/2016 09:55:48"
"sla_admin","sla_admin has full SLM administrative rights","false","13/10/2016 10:46:34","admin","Global","13/10/2016 09:55:19"
"currency_admin","Administers FX Currency feature such as dictionary field attributes, properties.","false","01/10/2016 21:06:47","admin","Global","01/10/2016 21:06:47"
"action_designer","action designer role enables users to launch Action Designer","false","27/09/2016 23:45:50","admin","Global","27/09/2016 23:45:18"
"flow_designer","flow designer role that enables user to launch Flow Designer","false","08/09/2016 01:49:26","admin","Global","08/09/2016 01:28:16"
"agent_schedule_user","Can manage Personal schedules","false","28/07/2016 20:01:57","admin","Global","10/06/2016 00:40:48"
"agent_schedule_admin","Admin will be able to configure and setup Agent Schedule application","false","28/07/2016 20:01:15","admin","Global","28/07/2016 20:01:15"
"pa_spotlight","Performance Analytics Spotlight.","false","28/07/2016 10:52:18","admin","Global","28/07/2016 10:52:18"
"sn_tourbuilder.tour_user","","false","24/07/2016 09:16:32","admin","ServiceNow Guided Tour Designer","24/07/2016 09:16:32"
"sn_tourbuilder.tour_admin","","false","24/07/2016 09:11:49","admin","ServiceNow Guided Tour Designer","24/07/2016 09:11:49"
"service_model_security_admin","This role allows users to override Service Modeling security settings.","false","15/07/2016 23:48:29","admin","Global","15/07/2016 23:48:29"
"atf_test_designer","Test designer role for metadata testing","false","08/07/2016 23:28:05","admin","Global","06/05/2016 21:47:59"
"atf_test_admin","Admin for metadata testing","false","08/07/2016 23:27:58","admin","Global","06/05/2016 21:48:18"
"rm_scrum_task_admin","Scrum Task Admin","false","08/07/2016 18:09:58","admin","Global","08/07/2016 18:09:58"
"script_debugger","debugging role that enables user to launch ServiceNow Script Debugger","false","06/07/2016 20:43:18","admin","Global","06/07/2016 20:43:18"
"cmdb_query_builder","Can access the CMDB Query Builder application to create, run and save queries on the CMDB","false","23/06/2016 17:37:31","admin","Global","23/06/2016 17:37:31"
"assignment_workbench","To control access for Assignment Workbench.","false","15/06/2016 01:23:26","admin","Global","15/06/2016 01:23:26"
"sn_devstudio_user_preferences_user","","false","12/06/2016 06:33:46","admin","Studio","12/06/2016 06:33:46"
"sn_devstudio_studio_preferences_user","","false","12/06/2016 01:46:34","admin","Studio","12/06/2016 01:46:34"
"email_api_send","Role required to use Email API to send email","false","06/06/2016 21:45:50","admin","Global","06/06/2016 21:45:50"
"sn_change_cab.cab_manager","Change Advisory Board Managers","false","21/04/2016 13:25:24","admin","Change Management - CAB Workbench","21/04/2016 13:25:24"
"dependency_views","A special role to be applied both on the $ngbsm UI page and on the BSMProcessor.
No one nor any reference without this role can access dependency views module.
ITIL OOTB will include this role in order to avoid regressions. ","false","23/02/2016 09:02:58","admin","Global","10/11/2015 08:41:35"
"sn_appclient.app_client_user","App client user","false","09/02/2016 20:38:41","admin","Scoped App Client","07/02/2016 07:20:07"
"sn_publications.approver","","false","19/01/2016 01:31:18","admin","Targeted Communications","19/01/2016 01:15:49"
"sn_publications.admin","","false","19/01/2016 01:14:15","admin","Targeted Communications","19/01/2016 01:14:15"
"odbc","A convenience role for setting up the ODBC driver. Contains  'itil' and 'soap_query' roles needed to use the ODBC driver.","false","18/01/2016 21:49:45","admin","Global","18/01/2016 21:47:25"
"sn_publications_recipients_user","","false","18/01/2016 18:12:03","admin","Targeted Communications","18/01/2016 18:12:03"
"sn_publications_recipients_list_user","","false","18/01/2016 16:32:01","admin","Targeted Communications","18/01/2016 16:32:01"
"source_control","Has access to source control features in Studio","false","13/01/2016 22:02:23","admin","Global","13/01/2016 22:02:23"
"api_analytics_read","Can read API Analytics data","false","11/01/2016 22:08:24","admin","Global","11/01/2016 22:08:24"
"sn_publications.author","Publication author can create new publication/recurrence, and read active/expired publications","false","05/01/2016 18:27:53","admin","Targeted Communications","05/01/2016 18:26:35"
"delegated_developer","A self-service (delegated) developer who may have rights to perform development tasks on certain scoped applications when given the appropriate privileges.","false","04/01/2016 22:33:42","admin","Global","24/11/2015 03:15:46"
"sp_admin","Can manage the Service Portal","false","08/12/2015 23:34:02","admin","Global","08/12/2015 23:33:33"
"sn_shn.user","Has rights to read Special Handling Notes.","false","12/10/2015 22:15:35","admin","Global","12/10/2015 22:15:35"
"sn_shn.admin","Has admin rights to create, read,update and delete Special Handling Notes.","false","09/10/2015 21:11:32","admin","Global","02/10/2015 22:55:05"
"sn_shn.editor","Has admin rights to read and update  Special Handling Notes.","false","09/10/2015 21:11:27","admin","Global","02/10/2015 22:55:24"
"sn_esm_user_admin","Service  Management User Admin Role","false","04/10/2015 19:06:45","admin","Global","29/06/2015 23:23:18"
"sn_esm_user","Service Management User","false","04/10/2015 19:06:40","admin","Global","27/06/2015 00:40:59"
"sn_esm_agent","Service Management Agent","false","04/10/2015 19:06:20","admin","Global","29/06/2015 21:26:02"
"sn_esm_admin","Service Management Admin","false","04/10/2015 19:06:12","admin","Global","27/06/2015 00:41:24"
"bsm_legacy_admin","Only users with the 'bsm_legacy_admin' will see the module BSM Legacy within Dependencies View","false","18/08/2015 14:03:12","admin","Global","18/08/2015 13:17:25"
"bsm_legacy","Only users with the 'bsm_legacy' will see  the module BSM Legacy within Dependencies View","false","18/08/2015 12:34:38","admin","Global","18/08/2015 12:34:38"
"personalize_read_dictionary","Can read dictionary entries and labels","false","28/07/2015 01:49:40","admin","Global","28/07/2015 01:47:43"
"push_admin","Push notification admin. Grants user permissions to create and modify push notifications. ","false","06/07/2015 22:21:48","admin","Global","06/07/2015 22:21:48"
"oauth_user","OAuth User to store and access OAuth requestor profile record","false","27/06/2015 01:41:02","admin","Global","27/06/2015 01:41:02"
"snc_external","The base role for all the external users of the instance.","false","23/06/2015 23:30:56","admin","Global","23/06/2015 23:30:56"
"snc_internal","The base role for all the internal users of the instance.","false","23/06/2015 23:30:43","admin","Global","23/06/2015 23:30:43"
"cloud_admin","Responsible for the overall setup and administration of the cloud management environment.","false","11/06/2015 20:31:00","admin","Global","26/10/2012 17:17:43"
"change_manager","Role For Change Manager.","false","10/06/2015 06:34:22","admin","Global","10/06/2015 06:33:35"
"megaphone_admin","Can manage megaphone messages","false","10/06/2015 01:41:15","admin","Global","10/06/2015 01:41:15"
"sm_approver_user","Service Management Approver role allows users to approve orders/requests.
NOTE: This is a template only, used to generate a specific role such as wm_approver_user, fac_approver_user, hr_approver_user.","false","03/06/2015 02:59:45","admin","Global","17/07/2014 19:17:48"
"sm_admin","Service Management Administrator role has full control over all Service Management data. Also administers Territories and Skills, as needed.
NOTE: This is a template only, used to generate a specific role such as wm_admin, fac_admin, hr_admin.","false","03/06/2015 02:59:45","admin","Global","17/07/2014 17:29:40"
"sm_dispatcher","Service Management Dispatcher role schedules and assigns the tasks to agents. They can be searched (filtered by) the group they manage.
NOTE: This is a template only, used to generate a specific role such as wm_dispatcher, fac_dispatcher.","false","03/06/2015 02:59:45","admin","Global","17/07/2014 19:30:03"
"sm_read","Service Management Read role can only read and create service orders and follow up on those they created.
NOTE: This is a template only, used to generate a specific role such as wm_read, fac_read, hr_read.","false","03/06/2015 02:59:45","admin","Global","01/12/2014 23:51:25"
"sm_initiator","Service Management Initiator is similar to sm_basic but is also used to grant UI access.
NOTE: This is a template only, used to generate a specific role such as wm_initiator, fac_initiator.","false","03/06/2015 02:59:45","admin","Global","17/07/2014 21:37:31"
"sm_basic","Service Management Basic role can read and create service orders and follow up on those they created.
NOTE: This is a template only, used to generate a specific role such as wm_basic, fac_basic, hr_basic.","false","03/06/2015 02:59:45","admin","Global","17/07/2014 19:28:03"
"sm_agent","Service Management Agent role can accept or reject a task.  It is the one who performs the work on the site.
NOTE: This is a template only, used to generate a specific role such as wm_agent, fac_agent.","false","03/06/2015 02:59:45","admin","Global","17/07/2014 19:26:56"
"template_admin","Grants the ability to create and administer template models","false","03/06/2015 02:59:45","admin","Global","08/10/2014 09:28:42"
"rest_api_explorer","Can access REST API Explorer","false","13/05/2015 23:49:38","admin","Global","12/05/2015 23:16:20"
"hp_publisher_admin","Homepages Publishers Administrator","false","31/03/2015 13:51:31","admin","Global","31/03/2015 13:51:31"
"usage_admin","This role is required to manage ServiceNow
			Subscriptions.
			Please make sure that at least one user in the system has
			this role.
		","false","17/03/2015 00:53:58","admin","Global","02/07/2014 23:18:44"
"timecard_user","Create time cards for himself. View his own time cards.","false","05/03/2015 00:22:58","admin","Global","05/03/2015 00:22:58"
"service_fulfiller","","false","23/02/2015 22:56:32","admin","Global","23/02/2015 22:56:07"
"export_set_scheduler","Can schedule export sets","false","06/02/2015 23:19:43","admin","Global","06/02/2015 23:19:43"
"export_set_admin","Can manage all aspects of Export Sets","false","06/02/2015 23:18:57","admin","Global","06/02/2015 23:18:57"
"task_activity_reader","Allows user to read task activities.","false","28/01/2015 19:44:37","admin","Global","28/01/2015 19:44:15"
"task_activity_writer","Allows user to create and modify task activities.","false","28/01/2015 19:31:25","admin","Global","28/01/2015 19:31:25"
"activity_admin","Can create, edit, publish or delete wf_element_provider","false","16/01/2015 04:26:50","arturo.ma","Global","16/01/2015 04:09:54"
"plan_maint_admin","Can manage Maintenance Plans for Service Management Applications","false","04/12/2014 05:19:19","admin","Global","04/12/2014 05:19:19"
"wm_read","Can create work orders and follow up on work orders they had created","false","02/12/2014 00:34:44","admin","Global","02/12/2014 00:34:44"
"activity_creator","This role give workflow users the ability to create custom orchestration activities in the workflow canvas.","false","24/10/2014 02:36:12","harry.nelosn","Global","24/10/2014 02:36:12"
"global_tags_creator","This role grants permission to create global tags","false","03/09/2014 21:23:33","admin","Global","03/09/2014 00:58:42"
"sf_admin","Administrator for state flows","false","14/07/2014 21:54:31","admin","Global","14/07/2014 21:54:31"
"tags_admin","This role grants permission to administer any user's or group's tags and set up global tags","false","03/07/2014 23:33:00","admin","Global","03/07/2014 23:33:00"
"wm_approver_user","The approver user role for work management","false","26/06/2014 00:19:44","admin","Global","26/06/2014 00:19:44"
"oauth_admin","OAuth application manager role","false","20/06/2014 21:45:11","admin","Global","20/06/2014 21:45:11"
"user_criteria_admin","Can manage the User Criteria records.","false","01/06/2014 22:08:20","admin","Global","09/05/2014 08:36:59"
"snc_read_only","Users with the snc_read_only role are prevented from creating, updating, or deleting records in the database. The read access is determined by ACLs.","false","09/05/2014 21:30:19","admin","Global","09/05/2014 23:30:19"
"credential_admin","This role allows access to Credentials [discovery_credentials] table","false","06/03/2014 00:29:05","admin","Global","06/03/2014 00:29:05"
"unlimited_createnow","Role for CreateNow unlimited licensed users","false","26/02/2014 18:00:35","admin","Global","26/02/2014 17:49:51"
"catalog_item_designer","This role is granted automatically to users when they make a request for an item designer category","false","21/02/2014 09:56:38","nigel.bell","Global","21/02/2014 09:56:38"
"teamdev_code_reviewer","Review, approve, and reject a pushed code change. Is able to read records from: sys_sync_history, sys_sync_history_version, sys_update_version and sys_update_set_source","false","17/01/2014 20:35:54","admin","Global","17/01/2014 20:35:54"
"approval_admin","Use the approval_admin role to allow users to view or modify approval requests not directly assigned to them. Use the approver_user role to allow approvers to only view or modify requests directly assigned to them. Use of this role requires a Fulfiller license. Use of the approver_user role requires an Approver license.","false","08/01/2014 21:39:49","admin","Global","24/09/2005 01:20:11"
"approver_user","The role required by Approver users. Approver users can modify requests for approval routed to them. They also have all capabilities of Requesters. Note there is a fee associated with this role. Do not assign it to users without confirming your organization has the appropriate entitlement.","false","08/01/2014 21:39:12","admin","Global","08/01/2014 21:39:12"
"wm_initiator_qualifier_dispatcher","Creates work orders, work order tasks, creates parts lists, skills, sources parts, assigns work to agents and manages agent tasks","false","23/12/2013 21:18:58","admin","Global","23/12/2013 21:18:58"
"wm_initiator_qualifier","Creates work orders, work order tasks, creates parts lists, skills","false","23/12/2013 21:18:22","admin","Global","23/12/2013 21:18:22"
"teamdev_configure_instance","This role should not be granted on the managing instance. This role should be granted to a user on a managed instance that will be used to configure it to participate in Team Development.","false","16/12/2013 20:01:54","admin","Global","29/10/2013 18:22:31"
"catalog_manager","Person in a department who requests new Service Categories, assigns editors to create / update services, and approves those services for publication in the catalog","false","11/12/2013 20:10:48","glide.james","Global","11/12/2013 19:59:46"
"catalog_editor","Creates / updates items in catalog categories for a Catalog Manager - creates drafts and versions","false","10/12/2013 23:00:41","glide.james","Global","10/12/2013 23:00:41"
"teamdev_user","Can do Team Development operations, such as push, pull, compare, reconcile","false","08/11/2013 23:01:20","admin","Global","08/11/2013 23:01:20"
"pa_data_collector","Performance Analytics Data Collector.","false","15/10/2013 12:29:50","admin","Global","15/10/2013 12:29:50"
"pa_viewer","Performance Analytics Viewer.","false","15/10/2013 12:15:32","admin","Global","15/10/2013 12:15:32"
"pa_contributor","Performance Analytics Contributor.","false","15/10/2013 12:15:11","admin","Global","15/10/2013 12:15:11"
"pa_power_user","Performance Analytics Power User.","false","15/10/2013 12:14:47","admin","Global","15/10/2013 12:14:47"
"pa_admin","Performance Analytics Administrator.","false","15/10/2013 12:14:24","admin","Global","15/10/2013 12:14:24"
"contact_user","Describes the role needed to be able to read records in the Contact Management tables","false","01/07/2013 01:00:00","admin","Global","01/07/2013 01:00:00"
"contact_admin","Describes the role needed to be able to create, update and delete records in the Contact Management tables","false","01/07/2013 01:00:00","admin","Global","01/07/2013 01:00:00"
"password_reset_service_desk","Role enables user to assist other user to reset their password via the service desk module in the password reset plugin.","false","26/04/2013 00:01:35","admin","Global","26/04/2013 00:01:00"
"password_reset_admin","Manages life cycles of password reset process, verification, as well as anything a password_reset_credential_manager does. ","false","20/03/2013 22:13:33","admin","Global","20/03/2013 22:13:33"
"password_reset_credential_manager","Manage life cycle of credential stores and its users, has access to Password Reset Overview and reporting.","false","15/03/2013 19:54:30","admin","Global","15/03/2013 19:54:30"
"catalog_lookup_manager","Can manage Catalog Data Lookup match and set rules","false","07/09/2012 15:52:37","james.grinter","Global","07/09/2012 15:52:37"
"catalog_lookup_admin","Can administer Catalog Data Lookup definitions","false","07/09/2012 15:51:19","james.grinter","Global","07/09/2012 15:51:19"
"wm_initiator","Similar to wm_basic but also used to grant UI access","false","22/08/2012 23:24:26","admin","Global","22/08/2012 23:24:26"
"skill_model_user","Can read relationship between skills and models","false","04/08/2012 01:31:50","admin","Global","04/08/2012 01:31:50"
"skill_model_admin","Can define and administer relationship between skills and models","false","03/08/2012 19:14:06","admin","Global","03/08/2012 19:14:06"
"wm_agent","Can accept or reject a task. Field Service Agent is the one who performs the work on the site.","false","17/07/2012 22:55:44","admin","Global","27/06/2012 01:54:44"
"wm_qualifier","Refines the definition of the work to be done such as : CIs involved, parts needed, skills required...
Breaks down the work order into tasks","false","11/07/2012 19:29:59","admin","Global","27/06/2012 01:54:35"
"wm_basic","Can create work orders and follow up on work orders they had created","false","11/07/2012 19:16:20","admin","Global","27/06/2012 01:55:22"
"wm_dispatcher","Schedules and assigns the tasks to agents. They can be searched (filtered by) the group they manage.","false","10/07/2012 00:07:42","admin","Global","27/06/2012 01:54:23"
"script_fix_admin","Can manage Fix Scripts","false","02/07/2012 20:40:54","admin","Global","02/07/2012 20:40:54"
"wm_admin","Field Service administrator. Has full control over all Field Service data. Also administers Territories and Skills.","false","27/06/2012 01:52:54","admin","Global","27/06/2012 01:52:54"
"feature_user","Defines what operations are permitted towards rm_defect and rm_enhancement records.","false","19/06/2012 11:37:54","admin","Global","19/06/2012 11:37:54"
"rm_enhancement_user","The operations that a user role is allowed to perform on rm_enhancement_user records","false","17/05/2012 15:10:30","admin","Global","17/05/2012 15:10:30"
"rm_test_user","The operations that a user role is allowed to perform on rm_test_user records","false","17/05/2012 15:10:19","admin","Global","17/05/2012 15:10:19"
"rm_doc_user","The operations that a user role is allowed to perform on rm_doc_user records","false","17/05/2012 15:10:07","admin","Global","17/05/2012 15:10:07"
"rm_release_sdlc_user","The operations that a user role is allowed to perform on rm_release_sdlc_user records","false","17/05/2012 15:09:51","admin","Global","17/05/2012 15:09:51"
"rm_defect_user","The operations that a user role is allowed to perform on rm_defect records","false","17/05/2012 15:09:26","admin","Global","17/05/2012 15:09:26"
"clone_admin","Can read, write, and configure all elements of the Instance Clone Application","false","06/04/2012 03:32:31","admin","Global","06/04/2012 03:31:34"
"category_manager","Grants the ability to create and administer model categories","false","20/03/2012 20:37:35","admin","Global","20/03/2012 20:36:34"
"model_manager","Grants the ability to create and administer base models","false","20/03/2012 20:36:32","admin","Global","20/03/2012 20:35:56"
"sam","This role grants a user access to the software asset management feature included with Asset Management. Different roles (sam_admin, sam_user and sam_developer) are required to use the Software Asset Management application.","false","15/03/2012 22:38:10","admin","Global","15/03/2012 22:16:44"
"asset","Can manage hardware assets","false","15/03/2012 22:37:44","admin","Global","16/08/2005 14:32:49"
"contract_manager","Manages lifecycle of contracts","false","15/03/2012 21:55:49","admin","Global","15/03/2012 21:55:49"
"inventory_admin","Administers stockrooms, stock models, stock rules","false","15/03/2012 20:33:49","admin","Global","15/03/2012 20:33:49"
"inventory_user","Has access to stock information","false","15/03/2012 20:33:00","admin","Global","15/03/2012 20:33:00"
"data_lookup_admin","Can administer Data Lookup definitions","false","05/02/2012 05:37:39","admin","Global","05/02/2012 05:37:39"
"scrum_team_member","Scrum team member role","false","12/01/2012 15:34:07","admin","Global","12/01/2012 15:32:09"
"scrum_product_owner","Scrum product owner role","false","12/01/2012 15:34:00","admin","Global","12/01/2012 15:31:29"
"scrum_master","Scrum master role","false","12/01/2012 15:33:52","admin","Global","12/01/2012 15:31:39"
"scrum_story_creator","Scrum story creator role","false","12/01/2012 14:22:21","admin","Global","12/01/2012 14:13:16"
"scrum_sprint_planner","Scrum sprint planner role","false","12/01/2012 14:22:13","admin","Global","12/01/2012 14:12:49"
"scrum_release_planner","Scrum release planner role","false","12/01/2012 14:22:06","admin","Global","12/01/2012 14:12:30"
"skill_user","Skill User role - used to view skills and relations","false","26/10/2011 16:42:24","admin","Global","19/10/2011 21:56:03"
"skill_admin","Skill Admin role - used to administer skills and relations to groups","false","26/10/2011 16:42:10","admin","Global","19/10/2011 21:55:56"
"territory_user","Territory user role used to view Territories","false","26/10/2011 16:25:59","bryan.boyle","Global","19/10/2011 21:58:15"
"territory_admin","Territory Admin role used to administer Territories","false","26/10/2011 16:25:46","bryan.boyle","Global","19/10/2011 21:54:27"
"rm_task_user","","false","25/10/2011 16:51:00","admin","Global","25/10/2011 16:51:00"
"rm_release_user","","false","25/10/2011 16:50:47","admin","Global","25/10/2011 16:50:47"
"rm_product_user","","false","25/10/2011 16:50:24","admin","Global","25/10/2011 16:49:41"
"rm_feature_user","","false","25/10/2011 16:49:31","admin","Global","25/10/2011 16:49:31"
"rm_release_phase_user","","false","25/10/2011 16:49:20","admin","Global","25/10/2011 16:49:20"
"rm_release_phase_admin","","false","25/10/2011 16:48:48","admin","Global","25/10/2011 16:48:48"
"assessment_admin","Assessment Admin will have access to the Assessment components (assessment_master, assessment_question, assessment_question_choice)","false","30/09/2011 11:32:02","assessment.admin","Global","30/09/2011 11:32:02"
"data_policy_admin","Can create, update and delete data policies.","false","18/08/2011 16:47:50","mike.currie","Global","17/08/2011 22:28:46"
"security_admin","Grant modification access to High Security Settings, allow user to modify the Access Control List","true","30/06/2011 00:58:10","admin","Global","20/05/2010 00:15:16"
"document_management_user","Allows the user who has this role to use the document management functionalities","false","27/04/2011 14:26:16","felix.bait","Global","27/04/2011 14:26:16"
"schedule_admin","Can manage Schedules","false","13/04/2011 20:56:24","admin","Global","13/04/2011 20:56:24"
"ts_admin","Text Search Administrator","false","13/04/2011 18:00:56","myla.jordan","Global","13/04/2011 18:00:37"
"document_management_admin","Admin role for the document management application.","false","21/03/2011 11:55:28","felix.bait","Global","21/03/2011 11:55:28"
"impersonator","Can impersonate - does not allow impersonation of admin users","false","17/03/2011 17:32:18","admin","Global","16/03/2011 03:14:43"
"certification_filter_admin","Can manage Certification Filters","false","15/03/2011 16:07:45","admin","Global","15/03/2011 16:07:45"
"certification_admin","Can manage the Certification application","false","15/03/2011 16:07:45","admin","Global","15/03/2011 16:07:45"
"certification","Can work Certification tasks","false","15/03/2011 16:07:08","admin","Global","15/03/2011 16:07:08"
"content_admin","Can read, write, and configure all elements of the Content Management Application","false","07/01/2011 23:34:22","mark.odonnell","Global","07/01/2011 22:58:47"
"live_feed_admin","Administer profiles, messages, likes, etc for Live Feed (read/write)","false","07/01/2011 14:58:45","system","Global","07/01/2011 14:58:45"
"scrum_user","User of Scrum","false","22/12/2010 13:16:21","james.grinter","Global","22/12/2010 13:16:21"
"sdlc_user","User of SDLC","false","22/12/2010 13:13:43","james.grinter","Global","22/12/2010 13:13:43"
"release_v2_user","User of Release v2","false","22/12/2010 13:08:38","james.grinter","Global","22/12/2010 13:08:38"
"timecard_admin","Write access to all time cards, otherwise users only have access to their own timecards","false","22/11/2010 16:34:05","john.roberts","Global","22/11/2010 16:34:05"
"rm_sprint_admin","","false","20/09/2010 10:09:35","jerrod.maint","Global","20/09/2010 10:09:35"
"rm_release_scrum_admin","","false","20/09/2010 10:09:25","jerrod.maint","Global","20/09/2010 10:09:25"
"rm_epic_admin","","false","20/09/2010 10:09:16","jerrod.maint","Global","20/09/2010 10:09:16"
"rm_story_admin","","false","20/09/2010 10:08:54","jerrod.maint","Global","20/09/2010 10:08:54"
"scrum_admin","","false","20/09/2010 10:08:12","jerrod.maint","Global","20/09/2010 10:08:12"
"rm_doc_admin","","false","20/09/2010 10:04:15","jerrod.maint","Global","20/09/2010 10:04:15"
"rm_test_admin","","false","20/09/2010 10:04:00","jerrod.maint","Global","20/09/2010 10:04:00"
"rm_enhancement_admin","","false","20/09/2010 10:03:44","jerrod.maint","Global","20/09/2010 10:03:44"
"rm_defect_admin","","false","20/09/2010 10:03:35","jerrod.maint","Global","20/09/2010 10:03:35"
"rm_release_sdlc_admin","","false","20/09/2010 10:03:19","jerrod.maint","Global","20/09/2010 10:03:19"
"sdlc_admin","","false","20/09/2010 10:02:21","jerrod.maint","Global","20/09/2010 10:02:21"
"rm_task_admin","","false","20/09/2010 09:57:19","jerrod.maint","Global","20/09/2010 09:57:19"
"rm_feature_admin","","false","20/09/2010 09:57:11","jerrod.maint","Global","20/09/2010 09:57:11"
"rm_release_admin","","false","20/09/2010 09:57:03","jerrod.maint","Global","20/09/2010 09:57:03"
"rm_product_admin","","false","20/09/2010 09:56:56","jerrod.maint","Global","20/09/2010 09:56:56"
"release_v2_admin","","false","20/09/2010 09:55:30","jerrod.maint","Global","20/09/2010 09:55:30"
"mid_server","Role that any MID server user should be granted.  This role gives the MID server access to the tables it ordinarily uses.","false","18/07/2010 22:18:31","tom.dilatush","Global","18/07/2010 22:18:31"
"portfolio_admin","Can manage the Service Portfolio, related commitments and availability","false","18/05/2010 15:53:30","glide.james","Global","18/05/2010 15:53:30"
"financial_mgmt_user","User rights to financial management modules","false","17/05/2010 22:29:54","john.roberts","Global","17/05/2010 22:29:54"
"financial_mgmt_admin","Admin rights to financial management modules","false","17/05/2010 22:11:25","john.roberts","Global","17/05/2010 22:10:13"
"web_service_admin","Can manage Web Services","false","23/03/2010 21:28:45","james.capaldo","Global","23/03/2010 21:28:45"
"import_admin","Can manage all aspects of Import Sets and imports","false","10/03/2010 23:30:41","james.capaldo","Global","10/03/2010 23:30:41"
"import_scheduler","Can schedule imports","false","10/03/2010 23:30:12","james.capaldo","Global","10/03/2010 23:30:12"
"import_transformer","Can manage Import Set Transform Maps and run transforms","false","10/03/2010 23:29:57","james.capaldo","Global","10/03/2010 23:29:57"
"import_set_loader","Can load Import Sets","false","10/03/2010 23:29:09","james.capaldo","Global","10/03/2010 23:29:09"
"filter_admin","Can manage Filters","false","05/03/2010 17:48:42","james.capaldo","Global","05/03/2010 17:48:42"
"report_admin","Can manage, share, publish, and schedule all reports. Can access Reports > Administration and manage all report-related objects. The report_admin role inherits all other report roles.","false","24/02/2010 02:18:49","james.capaldo","Global","24/02/2010 02:18:49"
"metric_admin","Can manage Metrics","false","10/02/2010 22:08:11","admin","Global","10/02/2010 22:08:11"
"form_admin","Can manage Forms, and Form Sections and Section Elements","false","08/02/2010 23:05:58","admin","Global","08/02/2010 23:05:58"
"script_include_admin","Can manage Script Includes","false","08/02/2010 19:41:44","admin","Global","08/02/2010 19:41:44"
"ui_script_admin","Can manage UI Scripts","false","08/02/2010 17:24:58","admin","Global","08/02/2010 17:24:58"
"ui_macro_admin","Can manage UI Macros","false","05/02/2010 21:14:43","admin","Global","05/02/2010 21:14:43"
"ui_page_admin","Can manage UI Pages","false","05/02/2010 21:14:31","admin","Global","05/02/2010 21:14:31"
"assignment_rule_admin","Can manage Assignment Rules","false","29/01/2010 21:50:01","james.capaldo","Global","29/01/2010 21:50:01"
"personalize_rules","Can personalize Business Rules and scripts. This role contains the following, specialized roles for granting selective, administrative access to rules and scripts: 
-business_rule_admin 
-client_script_admin 
-ui_policy_admin 
-ui_action_admin","false","28/01/2010 17:29:45","admin","Global","26/04/2007 23:49:15"
"ui_policy_admin","Can manage UI Policies","false","28/01/2010 00:10:20","james.capaldo","Global","28/01/2010 00:10:20"
"client_script_admin","Can manage Client Scripts","false","28/01/2010 00:10:09","james.capaldo","Global","28/01/2010 00:10:09"
"business_rule_admin","Can manage Business Rules","false","28/01/2010 00:09:43","james.capaldo","Global","28/01/2010 00:09:43"
"ui_action_admin","Can manage UI Actions","false","28/01/2010 00:09:30","james.capaldo","Global","28/01/2010 00:09:30"
"image_admin","Can manage image files on the Images [db_image] table","false","22/07/2009 15:45:31","glide.maint","Global","22/07/2009 15:38:56"
"chat_admin","Administers chat tables (read/write)","false","15/07/2009 18:13:29","glide.maint","Global","15/07/2009 18:13:29"
"workflow_publisher","Can publish graphical workflows","false","31/07/2008 17:34:34","glide.maint","Global","31/07/2008 17:34:34"
"workflow_creator","Can create new graphical workflows","false","31/07/2008 17:34:15","glide.maint","Global","31/07/2008 17:34:15"
"workflow_admin","Can create, edit, publish or delete graphical workflows","false","31/07/2008 17:33:31","glide.maint","Global","31/07/2008 17:32:16"
"soap","Can query, create, update, and delete records on all tables, as well as execute scripts","false","21/04/2008 21:18:00","glide.maint","Global","19/02/2008 18:14:22"
"roster_admin","Can manage On-call Rotation information","false","19/03/2008 00:30:08","glide.maint","Global","18/03/2008 18:37:39"
"report_publisher","Can publish reports that they can manage. Publishing a report creates a public link to that report. Users with this role must also have another role that grants permission to create, edit, and share reports.","false","11/03/2008 20:40:26","glide.maint","Global","11/03/2008 20:39:11"
"gauge_maker","Can create gauges from reports or charts","false","11/03/2008 20:39:48","glide.maint","Global","11/03/2008 20:38:25"
"soap_script","Can execute business rule endpoint function via script.do","false","19/02/2008 22:33:34","glide.maint","Global","19/02/2008 22:33:34"
"soap_ecc","Can query, create, and update on the ECC Queue table only","false","19/02/2008 22:20:08","glide.maint","Global","19/02/2008 22:20:08"
"soap_update","Can update records on all tables and columns","false","19/02/2008 22:19:48","glide.maint","Global","19/02/2008 18:25:21"
"soap_query_update","Can query and update all tables and columns","false","19/02/2008 22:19:31","glide.maint","Global","19/02/2008 18:26:19"
"soap_query","Can query records on all tables and columns","false","19/02/2008 22:19:16","glide.maint","Global","19/02/2008 18:24:47"
"soap_delete","Can delete records on all tables and columns","false","19/02/2008 22:18:56","glide.maint","Global","19/02/2008 18:25:32"
"soap_create","Can create records in all tables and columns","false","19/02/2008 22:18:41","glide.maint","Global","19/02/2008 18:37:11"
"view_changer","Can switch active views","false","18/01/2008 00:21:48","glide.maint","Global","18/01/2008 00:21:48"
"ecmdb_admin","Can manage the Enterprise CMDB","false","15/01/2008 20:23:14","glide.maint","Global","15/01/2008 20:23:14"
"task_editor","Can edit protected task fields","false","27/07/2007 21:21:49","glide.maint","Global","27/07/2007 21:21:49"
"template_editor_global","Can create templates for global use","false","24/07/2007 00:55:38","glide.maint","Global","24/07/2007 00:55:38"
"template_editor_group","Can create templates for groups","false","24/07/2007 00:55:14","glide.maint","Global","24/07/2007 00:55:14"
"personalize_ui","Can personalize forms and lists","false","30/05/2007 17:02:03","glide.maint","Global","26/04/2007 23:48:26"
"personalize","Can personalize forms, lists, rules, controls, scripts","false","30/05/2007 16:43:57","glide.maint","Global","28/04/2006 01:56:32"
"personalize_form","Can personalize forms","false","30/05/2007 16:43:20","glide.maint","Global","30/05/2007 16:43:20"
"personalize_list","Can personalize lists","false","30/05/2007 16:43:01","glide.maint","Global","30/05/2007 16:43:01"
"release_admin","","false","21/05/2007 21:34:55","glide.maint","Global","21/05/2007 21:34:55"
"user","Available for customer use. Has no function out-of-box, but users with this role will be counted as licensed Fulfillers.","false","21/05/2007 21:34:31","glide.maint","Global","21/05/2007 21:34:31"
"personalize_responses","Can personalize predefined responses for suggestion fields, such as the Additional Comments field.","false","27/04/2007 01:07:05","glide.maint","Global","27/04/2007 01:07:05"
"personalize_styles","Can personalize Field Styles","false","27/04/2007 01:06:39","glide.maint","Global","27/04/2007 01:06:39"
"personalize_choices","Can personalize the choices for a choice list field","false","27/04/2007 00:45:18","glide.maint","Global","26/04/2007 23:50:41"
"personalize_dictionary","Can personalize dictionary entries and labels","false","26/04/2007 23:50:25","glide.maint","Global","26/04/2007 23:50:25"
"personalize_control","Can personalize controls on lists, such as filters, links, and buttons","false","26/04/2007 23:48:52","glide.maint","Global","26/04/2007 23:48:52"
"user_admin","Can administer users, groups, locations, and companies","false","27/02/2007 19:11:31","admin","Global","27/02/2007 19:11:31"
"template_scheduler","Can schedule template-based record creation","false","08/12/2006 21:34:14","glide.maint","Global","08/12/2006 21:34:14"
"report_scheduler","Can schedule emailing of all reports that they can see, including reports they cannot manage. Users with this role must also have another role that grants permission to create, edit, and share reports.","false","08/12/2006 21:33:52","glide.maint","Global","08/12/2006 21:33:52"
"list_updater","Can use ""Update Entire List"" and ""Update Selected"" menu options on lists","false","19/09/2006 03:58:29","glide.maint","Global","19/09/2006 03:58:29"
"report_group","Can manage and share reports that are shared with them (listed in Group).","false","07/09/2006 23:11:46","glide.maint","Global","07/09/2006 23:11:46"
"report_global","Can manage reports that are shared with everyone (listed in Global).","false","07/09/2006 23:11:33","glide.maint","Global","07/09/2006 23:11:33"
"filter_group","Can create filters that belong to groups of which the user is a member","false","07/09/2006 18:26:02","glide.maint","Global","07/09/2006 18:26:02"
"filter_global","Can create global filters","false","07/09/2006 18:25:40","glide.maint","Global","07/09/2006 18:25:40"
"agent_admin","Can download and administer the system's built-in agent","false","01/06/2006 02:05:26","glide.maint","Global","01/06/2006 02:05:26"
"catalog_admin","Can manage the Service Catalog application, including Catalog categories and items.","false","15/05/2005 14:49:18","glide.maint","Global","15/05/2005 14:48:41"
"catalog","Has access to Services catalog requests","false","15/05/2005 14:47:04","glide.maint","Global","15/05/2005 14:44:08"
"itil_admin","Possesses more privileges than the '''itil''' role and is intended for team leads. This role has the ability to delete incidents, problems, changes, and other related entities","false","19/02/2005 01:18:59","fred.luddy","Global","19/02/2005 01:18:59"
"itil","Can perform standard actions for an ITIL helpdesk technician. This is the out-of-box ''technician'' role. Can open, update, close incidents, problems, changes, config management items. Out-of-box, only users with the itil role can have tasks assigned to them","false","19/02/2005 01:17:40","fred.luddy","Global","19/02/2005 01:12:11"
